{"cameraMode":{"drawMode":0,"name":"Shaded","section":"Shading Mode"},"sceneLighting":false,"audioPlay":false,"sceneViewState":{"showFog":true,"showMaterialUpdate":false,"showSkybox":true,"showFlares":true,"showImageEffects":true,"showParticleSystems":true},"in2DMode":false,"pivot":{"x":1.235747218132019,"y":-0.1409420520067215,"z":-1.9824692010879517},"rotation":{"x":0.007688424549996853,"y":0.9922207593917847,"z":-0.09435582160949707,"w":0.08084531128406525},"size":5.1604156494140629,"orthographic":false}